LinkedIn #,LinkedIn Connections With
65613378,Simon Conington
257917232,Simon Conington
923362185,Simon Conington
421332278,Simon Conington
375853129,Simon Conington
1072694496,Simon Conington
76883030,Simon Conington
66302592,Simon Conington
80050286,Simon Conington
500771703,Simon Conington
37382397,Simon Conington
70553093,Simon Conington
763215591,Simon Conington
135606441,Simon Conington
202171294,Simon Conington
526280240,Simon Conington
270138359,Simon Conington
1140711431,Simon Conington
46572349,Simon Conington
164146942,Simon Conington
425934487,Simon Conington
102222026,Simon Conington
617844172,Simon Conington
45980062,Simon Conington
63862800,Simon Conington
7328765,Simon Conington
410468777,Simon Conington
729664749,Simon Conington
730293679,Simon Conington
111242859,Simon Conington
101707041,Simon Conington
428854781,Simon Conington
305997095,Simon Conington
61452483,Simon Conington
4933392,Simon Conington
6238719,Simon Conington
44334085,Simon Conington
3729569,Simon Conington
213327690,Simon Conington
434255223,Simon Conington
17465391,Simon Conington
108396134,Simon Conington
172398871,Simon Conington
1015135895,Simon Conington
863662563,Simon Conington
256256288,Simon Conington
243121687,Simon Conington
227305481,Simon Conington
1097431126,Simon Conington
164802749,Simon Conington
457496553,Simon Conington
219430852,Simon Conington
84476620,Simon Conington
155321676,Simon Conington
28247741,Simon Conington
36315517,Simon Conington
535255947,Simon Conington
54475987,Simon Conington
100328044,Simon Conington
4842657,Simon Conington
106366307,Simon Conington
355245271,Simon Conington
804022868,Simon Conington
10661495,Simon Conington
81405136,Simon Conington
120038142,Simon Conington
965818092,Simon Conington
38156778,Simon Conington
32050028,Simon Conington
1048248398,Simon Conington
903133806,Simon Conington
195582218,Simon Conington
223149282,Simon Conington
81687461,Simon Conington
715429959,Simon Conington
385146489,Simon Conington
335530152,Simon Conington
76063966,Simon Conington
237696601,Simon Conington
119525034,Simon Conington
57467132,Simon Conington
144440061,Simon Conington
918261989,Simon Conington
1043178942,Simon Conington
78229445,Simon Conington
689605086,Simon Conington
484320063,Simon Conington
737284181,Simon Conington
316225477,Simon Conington
42020209,Simon Conington
80456636,Simon Conington
94758986,Simon Conington
190567866,Simon Conington
161371445,Simon Conington
39527622,Simon Conington
46135709,Simon Conington
40786403,Simon Conington
62495393,Simon Conington
723406486,Simon Conington
160154514,Simon Conington
79822435,Simon Conington
135401156,Simon Conington
87338604,Simon Conington
231253809,Simon Conington
84279816,Simon Conington
1471371,Simon Conington
1000123930,Simon Conington
688126270,Simon Conington
13052164,Simon Conington
20510012,Simon Conington
40486336,Simon Conington
22956206,Simon Conington
1317352,Simon Conington
329694615,Simon Conington
15945624,Simon Conington
18609694,Simon Conington
1183820474,Simon Conington
12646832,Simon Conington
299293454,Simon Conington
68892645,Simon Conington
15721975,Simon Conington
7667744,Simon Conington
488986648,Simon Conington
308342489,Simon Conington
194497491,Simon Conington
629625764,Simon Conington
162216816,Simon Conington
56361744,Simon Conington
15170750,Simon Conington
269760086,Simon Conington
109003892,Simon Conington
109282137,Simon Conington
1011262072,Simon Conington
166650844,Simon Conington
8954315,Simon Conington
85799414,Simon Conington
84448625,Simon Conington
56959949,Simon Conington
47978937,Simon Conington
267533771,Simon Conington
833751461,Simon Conington
1172079315,Simon Conington
181701107,Simon Conington
167660993,Simon Conington
76248036,Simon Conington
450610631,Simon Conington
1327276,Simon Conington
232570411,Simon Conington
1035287855,Simon Conington
748860819,Simon Conington
1068924215,Simon Conington
764009449,Simon Conington
1051101384,Simon Conington
795290350,Simon Conington
979534555,Simon Conington
338701946,Simon Conington
1795225,Simon Conington
2799863,Simon Conington
28195530,Simon Conington
11998581,Simon Conington
136721378,Simon Conington
286197715,Simon Conington
2202852,Simon Conington
171449707,Simon Conington
4333216,Simon Conington
137004386,Simon Conington
1048260465,Simon Conington
25598710,Simon Conington
157354993,Simon Conington
208149285,Simon Conington
102080297,Simon Conington
17921638,Simon Conington
33627764,Simon Conington
883983041,Simon Conington
78506583,Simon Conington
15615401,Simon Conington
635798053,Simon Conington
778546320,Simon Conington
679817154,Simon Conington
1095620404,Simon Conington
1049809729,Simon Conington
28123712,Simon Conington
796067511,Simon Conington
1122948355,Simon Conington
171156417,Simon Conington
728438552,Simon Conington
10937969,Simon Conington
81189786,Simon Conington
21918193,Simon Conington
22324612,Simon Conington
663390992,Simon Conington
694013878,Simon Conington
4815493,Simon Conington
21548709,Simon Conington
16451833,Simon Conington
787386070,Simon Conington
515955834,Simon Conington
73592708,Simon Conington
279788903,Simon Conington
3088075,Simon Conington
545765460,Simon Conington
4189570,Simon Conington
992637024,Simon Conington
190044014,Simon Conington
1088164905,Simon Conington
27180133,Simon Conington
1050395425,Simon Conington
57988934,Simon Conington
76624280,Simon Conington
84955640,Simon Conington
1088548406,Simon Conington
69452981,Simon Conington
964899173,Simon Conington
813744352,Simon Conington
43162635,Simon Conington
10766263,Simon Conington
570495625,Simon Conington
32825320,Simon Conington
190459142,Simon Conington
46397984,Simon Conington
47712161,Simon Conington
14451935,Simon Conington
766585529,Simon Conington
359628551,Simon Conington
309666125,Simon Conington
83185882,Simon Conington
78148353,Simon Conington
44758581,Simon Conington
127515909,Simon Conington
18609029,Simon Conington
7902849,Simon Conington
18822014,Simon Conington
39688756,Simon Conington
91231763,Simon Conington
316653608,Simon Conington
133328866,Simon Conington
26827955,Simon Conington
161769620,Simon Conington
57799328,Simon Conington
52799130,Simon Conington
21033877,Simon Conington
266252534,Simon Conington
923266568,Simon Conington
36166,Simon Conington
660188178,Simon Conington
771630584,Simon Conington
181256796,Simon Conington
313271677,Simon Conington
72503646,Simon Conington
26821,Simon Conington
180212652,Simon Conington
212007347,Simon Conington
576711151,Simon Conington
523057894,Simon Conington
39622215,Simon Conington
502866109,Simon Conington
481069197,Simon Conington
157128631,Simon Conington
11252785,Simon Conington
196946930,Simon Conington
112281380,Simon Conington
38840183,Simon Conington
802712558,Simon Conington
25858696,Simon Conington
45911092,Simon Conington
175757032,Simon Conington
117515448,Simon Conington
24225945,Simon Conington
217248218,Simon Conington
498558849,Simon Conington
382936268,Simon Conington
680778660,Simon Conington
184959798,Simon Conington
56060833,Simon Conington
156279540,Simon Conington
82898779,Simon Conington
36614709,Simon Conington
8675456,Simon Conington
518387361,Simon Conington
156266168,Simon Conington
685018927,Simon Conington
28450456,Simon Conington
570371658,Simon Conington
3275628,Simon Conington
388482792,Simon Conington
651674507,Simon Conington
500137215,Simon Conington
604594151,Simon Conington
4519588,Simon Conington
129129859,Simon Conington
367426442,Simon Conington
716865413,Simon Conington
197790584,Simon Conington
520139734,Simon Conington
17564665,Simon Conington
36346318,Simon Conington
15509024,Simon Conington
74415043,Simon Conington
1972932,Simon Conington
607355337,Simon Conington
847464611,Simon Conington
952776396,Simon Conington
422519490,Simon Conington
817222771,Simon Conington
56552130,Simon Conington
943563332,Simon Conington
476124479,Simon Conington
2000055,Simon Conington
845909842,Simon Conington
432056486,Simon Conington
487598532,Simon Conington
266902698,Simon Conington
82350373,Simon Conington
19524422,Simon Conington
117651966,Simon Conington
25071885,Simon Conington
292396555,Simon Conington
373284157,Simon Conington
116387486,Simon Conington
534605760,Simon Conington
331931374,Simon Conington
6787591,Simon Conington
642076882,Simon Conington
893201909,Simon Conington
846841846,Simon Conington
67477452,Simon Conington
22129434,Simon Conington
28886694,Simon Conington
122533357,Simon Conington
856477803,Simon Conington
38049839,Simon Conington
133076743,Simon Conington
713135985,Simon Conington
713181967,Simon Conington
4621970,Simon Conington
238500822,Simon Conington
176656593,Simon Conington
487855031,Simon Conington
57002582,Simon Conington
283801223,Simon Conington
6053868,Simon Conington
3147982,Simon Conington
87971541,Simon Conington
14972768,Simon Conington
56499871,Simon Conington
812264425,Simon Conington
1498943,Simon Conington
18466284,Simon Conington
16789590,Simon Conington
257224172,Simon Conington
43545901,Simon Conington
25689175,Simon Conington
15586835,Simon Conington
13115611,Simon Conington
24125,Simon Conington
739186987,Simon Conington
21730703,Simon Conington
96000563,Simon Conington
124816063,Simon Conington
293916002,Simon Conington
45430794,Simon Conington
196665232,Simon Conington
51664745,Simon Conington
148946274,Simon Conington
10156715,Simon Conington
29195653,Simon Conington
31322241,Simon Conington
141032596,Simon Conington
5261382,Simon Conington
98481543,Simon Conington
585540974,Simon Conington
478331958,Simon Conington
41839726,Simon Conington
78852961,Simon Conington
172765045,Simon Conington
68168123,Simon Conington
700744598,Simon Conington
17050714,Simon Conington
117448064,Simon Conington
204167636,Simon Conington
287529795,Simon Conington
146376677,Simon Conington
161531894,Simon Conington
29471145,Simon Conington
21005523,Simon Conington
5233761,Simon Conington
13266774,Simon Conington
44400,Simon Conington
65741408,Simon Conington
16720741,Simon Conington
61830427,Simon Conington
161303075,Simon Conington
15869592,Simon Conington
322304,Simon Conington
11720036,Simon Conington
40642881,Simon Conington
401372057,Simon Conington
12325101,Simon Conington
4958930,Simon Conington
326649416,Simon Conington
73075165,Simon Conington
25394212,Simon Conington
167317433,Simon Conington
47703324,Simon Conington
72208184,Simon Conington
111211779,Simon Conington
101631001,Simon Conington
16248186,Simon Conington
3412323,Simon Conington
8358190,Simon Conington
107539126,Simon Conington
226411169,Simon Conington
28055231,Simon Conington
97082150,Simon Conington
28429064,Simon Conington
746589320,Simon Conington
6841981,Simon Conington
4782690,Simon Conington
367007283,Simon Conington
7456183,Simon Conington
42088405,Simon Conington
2762140,Simon Conington
10449818,Simon Conington
48407556,Simon Conington
201063607,Simon Conington
3309891,Simon Conington
59502479,Simon Conington
223417587,Simon Conington
128530457,Simon Conington
12806544,Simon Conington
83349839,Simon Conington
5982275,Simon Conington
18073184,Simon Conington
41924931,Simon Conington
614762856,Simon Conington
18942429,Simon Conington
29755547,Simon Conington
7592155,Simon Conington
150323479,Simon Conington
2345087,Simon Conington
401456505,Simon Conington
515304,Simon Conington
71386420,Simon Conington
37038515,Simon Conington
4271325,Simon Conington
231046448,Simon Conington
34792999,Simon Conington
29185310,Simon Conington
15686057,Simon Conington
10965330,Simon Conington
265085199,Simon Conington
109403460,Simon Conington
6048381,Simon Conington
34515091,Simon Conington
579458763,Simon Conington
10539415,Simon Conington
136247514,Simon Conington
614940385,Simon Conington
48197412,Simon Conington
20514241,Simon Conington
106379715,Simon Conington
894548464,Simon Conington
346852758,Simon Conington
75177178,Simon Conington
517562085,Simon Conington
650416764,Simon Conington
69640693,Simon Conington
270024981,Simon Conington
66571664,Simon Conington
221253296,Simon Conington
79066447,Simon Conington
41081498,Simon Conington
103566406,Simon Conington
71290501,Simon Conington
9944135,Simon Conington
65806468,Simon Conington
15125696,Simon Conington
184374139,Simon Conington
207888704,Simon Conington
56366269,Simon Conington
99126096,Simon Conington
228850043,Simon Conington
87871133,Simon Conington
17968820,Simon Conington
665657310,Simon Conington
879024047,Simon Conington
546741305,Simon Conington
88234733,Simon Conington
95889619,Simon Conington
6273318,Simon Conington
409624716,Simon Conington
98846112,Simon Conington
204196539,Simon Conington
17199728,Simon Conington
22112872,Simon Conington
3733065,Simon Conington
3860082,Simon Conington
6535100,Simon Conington
126712564,Simon Conington
296689507,Simon Conington
17659817,Simon Conington
750929958,Simon Conington
27066021,Simon Conington
73584310,Simon Conington
136865340,Simon Conington
93952121,Simon Conington
131069804,Simon Conington
43818081,Simon Conington
32129121,Simon Conington
1344361,Simon Conington
168249436,Simon Conington
28521490,Simon Conington
147241012,Simon Conington
33066095,Simon Conington
68385967,Simon Conington
149091850,Simon Conington
32583662,Simon Conington
34884033,Simon Conington
38795471,Simon Conington
20669909,Simon Conington
80108351,Simon Conington
36017983,Simon Conington
179720354,Simon Conington
16493635,Simon Conington
33092221,Simon Conington
20536078,Simon Conington
28854385,Simon Conington
35404849,Simon Conington
7067710,Simon Conington
8849930,Simon Conington
126469485,Simon Conington
162640326,Simon Conington
136493701,Simon Conington
17269850,Simon Conington
33820117,Simon Conington
25517075,Simon Conington
2201774,Simon Conington
43185081,Simon Conington
419239551,Simon Conington
669273776,Simon Conington
66475610,Simon Conington
41248008,Simon Conington
28401586,Simon Conington
122857081,Simon Conington
84171286,Simon Conington
748803,Simon Conington
10277532,Simon Conington
259619689,Simon Conington
9933543,Simon Conington
701823974,Simon Conington
41527087,Simon Conington
23524680,Simon Conington
12166079,Simon Conington
2820121,Simon Conington
47903677,Simon Conington
857872705,Simon Conington
49411544,Simon Conington
323708787,Simon Conington
53162441,Simon Conington
179853148,Simon Conington
355944582,Simon Conington
98766779,Simon Conington
16549084,Simon Conington
161748956,Simon Conington
11847827,Simon Conington
1310225,Simon Conington
21515240,Simon Conington
333739369,Simon Conington
141199781,Simon Conington
10398681,Simon Conington
1369399,Simon Conington
71836731,Simon Conington
38370335,Simon Conington
23437926,Simon Conington
319784419,Simon Conington
84499413,Simon Conington
10965188,Simon Conington
8127075,Simon Conington
66798855,Simon Conington
3254702,Simon Conington
22666677,Simon Conington
8820896,Simon Conington
181098577,Simon Conington
1207063,Simon Conington
306700562,Simon Conington
7015543,Simon Conington
234388,Simon Conington
24005366,Simon Conington
708474,Simon Conington
7062658,Simon Conington
52406720,Simon Conington
16441067,Simon Conington
2140268,Simon Conington
11633660,Simon Conington
21557525,Simon Conington
422658,Simon Conington
47843518,Simon Conington
6386353,Simon Conington
3433330,Simon Conington
185226,Simon Conington
481700066,Simon Conington
2021557,Simon Conington
36399811,Simon Conington
315095302,Simon Conington
405842539,Simon Conington
224440326,Simon Conington
23463120,Simon Conington
14952393,Simon Conington
36185110,Simon Conington
825966312,Simon Conington
23314497,Simon Conington
96683820,Simon Conington
214806288,Simon Conington
98038820,Simon Conington
133959511,Simon Conington
51843100,Simon Conington
59975577,Simon Conington
474965684,Simon Conington
816213482,Simon Conington
1838520,Simon Conington
14875906,Simon Conington
17904938,Simon Conington
10926863,Simon Conington
18226502,Simon Conington
13357407,Simon Conington
22228341,Simon Conington
385412482,Simon Conington
832403585,Simon Conington
498870262,Simon Conington
18777280,Simon Conington
557843593,Simon Conington
25114522,Simon Conington
226285576,Simon Conington
1094637,Simon Conington
8515627,Simon Conington
72109113,Simon Conington
11579682,Simon Conington
49511847,Simon Conington
19293430,Simon Conington
14541647,Simon Conington
15273903,Simon Conington
3150285,Simon Conington
40689422,Simon Conington
276342757,Simon Conington
154630560,Simon Conington
308967483,Simon Conington
434321,Simon Conington
46082326,Simon Conington
3212428,Simon Conington
194412358,Simon Conington
5691691,Simon Conington
246405,Simon Conington
463889254,Simon Conington
20120183,Simon Conington
386995616,Simon Conington
130777782,Simon Conington
540664265,Simon Conington
45720703,Simon Conington
42595960,Simon Conington
187926330,Simon Conington
1042552,Simon Conington
46176625,Simon Conington
126059518,Simon Conington
34149538,Simon Conington
235343763,Simon Conington
61562302,Simon Conington
26184570,Simon Conington
285341593,Simon Conington
57677183,Simon Conington
31146909,Simon Conington
252997572,Simon Conington
2819820,Simon Conington
88873768,Simon Conington
99501717,Simon Conington
132064873,Simon Conington
287476268,Simon Conington
13460859,Simon Conington
29533115,Simon Conington
8643189,Simon Conington
651715414,Simon Conington
31691794,Simon Conington
149945410,Simon Conington
5547886,Simon Conington
4485986,Simon Conington
136173978,Simon Conington
100324636,Simon Conington
1673164,Simon Conington
223084643,Simon Conington
19924900,Simon Conington
162894003,Simon Conington
231236874,Simon Conington
471944698,Simon Conington
269187280,Simon Conington
688211836,Simon Conington
72986048,Simon Conington
732246723,Simon Conington
519343,Simon Conington
18602303,Simon Conington
611738415,Simon Conington
82661749,Simon Conington
116790826,Simon Conington
1774882,Simon Conington
7777287,Simon Conington
18668713,Simon Conington
476544109,Simon Conington
56073793,Simon Conington
38309815,Simon Conington
685305,Simon Conington
58129227,Simon Conington
87391356,Simon Conington
9646807,Simon Conington
104490405,Simon Conington
434354108,Simon Conington
59718878,Simon Conington
217659139,Simon Conington
51116550,Simon Conington
125337090,Simon Conington
474773529,Simon Conington
1635450,Simon Conington
123775044,Simon Conington
878404718,Simon Conington
6846503,Simon Conington
313648230,Simon Conington
213569923,Simon Conington
202111811,Simon Conington
138018686,Simon Conington
22369771,Simon Conington
54603138,Simon Conington
549523216,Simon Conington
112139951,Simon Conington
5291576,Simon Conington
148287787,Simon Conington
115485850,Simon Conington
7633121,Simon Conington
6804700,Simon Conington
97966032,Simon Conington
217723570,Simon Conington
798543091,Simon Conington
93505900,Simon Conington
6678827,Simon Conington
15250178,Simon Conington
54420474,Simon Conington
10641002,Simon Conington
754247100,Simon Conington
427496735,Simon Conington
445900969,Simon Conington
314358520,Simon Conington
96130455,Simon Conington
13806144,Simon Conington
6368216,Simon Conington
86423507,Simon Conington
11692599,Simon Conington
123450133,Simon Conington
127634274,Simon Conington
36377001,Simon Conington
179957657,Simon Conington
27951232,Simon Conington
4229743,Simon Conington
102359908,Simon Conington
38725527,Simon Conington
374447047,Simon Conington
285133910,Simon Conington
140225339,Simon Conington
360163029,Simon Conington
61658313,Simon Conington
12873376,Simon Conington
106224732,Simon Conington
45617735,Simon Conington
114828264,Simon Conington
191539198,Simon Conington
30778806,Simon Conington
52323622,Simon Conington
80311769,Simon Conington
229472729,Simon Conington
833750428,Simon Conington
38061863,Simon Conington
75328922,Simon Conington
158369137,Simon Conington
268079246,Simon Conington
11251701,Simon Conington
180251350,Simon Conington
553174329,Simon Conington
41209998,Simon Conington
212867144,Simon Conington
155100207,Simon Conington
21955584,Simon Conington
18253730,Simon Conington
677734786,Simon Conington
19638008,Simon Conington
47231420,Simon Conington
1086640,Simon Conington
30883267,Simon Conington
6969787,Simon Conington
2516067,Simon Conington
9261019,Simon Conington
376975278,Simon Conington
591993144,Simon Conington
43581,Simon Conington
4808571,Simon Conington
110445294,Simon Conington
19842026,Simon Conington
173016670,Simon Conington
56345570,Simon Conington
54037631,Simon Conington
68921242,Simon Conington
237260934,Simon Conington
1159873,Simon Conington
1536343,Simon Conington
20643542,Simon Conington
3101467,Simon Conington
141252985,Simon Conington
5542334,Simon Conington
734843132,Simon Conington
86249776,Simon Conington
34247925,Simon Conington
62961203,Simon Conington
409754895,Simon Conington
58059999,Simon Conington
27200819,Simon Conington
93447055,Simon Conington
123504930,Simon Conington
348679046,Simon Conington
22704758,Simon Conington
149035162,Simon Conington
398625519,Simon Conington
285600005,Simon Conington
556218310,Simon Conington
8540527,Simon Conington
11951353,Simon Conington
38734330,Simon Conington
41388326,Simon Conington
49857514,Simon Conington
227815817,Simon Conington
692371108,Simon Conington
316616940,Simon Conington
95213113,Simon Conington
307616323,Simon Conington
74787556,Simon Conington
9426048,Simon Conington
48912277,Simon Conington
1222055,Simon Conington
11939025,Simon Conington
7083945,Simon Conington
15258914,Simon Conington
299081885,Simon Conington
51367322,Simon Conington
17055078,Simon Conington
375575942,Simon Conington
188005424,Simon Conington
30140285,Simon Conington
296760789,Simon Conington
471953188,Simon Conington
199244409,Simon Conington
193541874,Simon Conington
6378382,Simon Conington
32035951,Simon Conington
50329011,Simon Conington
5433430,Simon Conington
5993739,Simon Conington
40712481,Simon Conington
500250065,Simon Conington
50508671,Simon Conington
174534463,Simon Conington
315800466,Simon Conington
217791806,Simon Conington
266413982,Simon Conington
161510447,Simon Conington
408956013,Simon Conington
236087846,Simon Conington
118381825,Simon Conington
13511978,Simon Conington
95903220,Simon Conington
96703508,Simon Conington
32164805,Simon Conington
52017703,Simon Conington
29744479,Simon Conington
30336219,Simon Conington
27032734,Simon Conington
28806681,Simon Conington
109744352,Simon Conington
182588827,Simon Conington
95343184,Simon Conington
819444284,Simon Conington
3666988,Simon Conington
272417435,Simon Conington
345958732,Simon Conington
112640539,Simon Conington
343361203,Simon Conington
13704868,Simon Conington
112909967,Simon Conington
5902703,Simon Conington
5988627,Simon Conington
57152204,Simon Conington
53166186,Simon Conington
385961890,Simon Conington
132970247,Simon Conington
7767526,Simon Conington
4470038,Simon Conington
113445591,Simon Conington
76309853,Simon Conington
57547547,Simon Conington
63186848,Simon Conington
363483035,Simon Conington
9944156,Simon Conington
92698743,Simon Conington
9626612,Simon Conington
1097744,Simon Conington
677743111,Simon Conington
13375042,Simon Conington
32090336,Simon Conington
65298043,Simon Conington
727127823,Simon Conington
57475210,Simon Conington
428257068,Simon Conington
871876526,Simon Conington
618826464,Simon Conington
11828833,Simon Conington
2880852,Simon Conington
9693945,Simon Conington
22097808,Simon Conington
175058043,Simon Conington
12373089,Simon Conington
114443039,Simon Conington
200352525,Simon Conington
531427053,Simon Conington
809241868,Simon Conington
4296087,Simon Conington
5080440,Simon Conington
15772023,Simon Conington
60881258,Simon Conington
70079856,Simon Conington
9705885,Simon Conington
109547218,Simon Conington
13385906,Simon Conington
97381093,Simon Conington
31113931,Simon Conington
28679133,Simon Conington
87224,Simon Conington
152452197,Simon Conington
262326266,Simon Conington
12938654,Simon Conington
86434608,Simon Conington
32245163,Simon Conington
13273178,Simon Conington
162973400,Simon Conington
122093776,Simon Conington
21173399,Simon Conington
139448003,Simon Conington
6583573,Simon Conington
474422017,Simon Conington
426713949,Simon Conington
14373502,Simon Conington
22161994,Simon Conington
17151810,Simon Conington
606065753,Simon Conington
19715407,Simon Conington
622991209,Simon Conington
13693945,Simon Conington
210386891,Simon Conington
218988244,Simon Conington
63921214,Simon Conington
364933613,Simon Conington
41356025,Simon Conington
378139244,Simon Conington
660990241,Simon Conington
20217073,Simon Conington
546074170,Simon Conington
23987430,Simon Conington
876968445,Simon Conington
5620799,Simon Conington
27747837,Simon Conington
74080048,Simon Conington
296245760,Simon Conington
120205655,Simon Conington
3363254,Simon Conington
20709122,Simon Conington
93237320,Simon Conington
47513649,Simon Conington
51509304,Simon Conington
35534749,Simon Conington
43177445,Simon Conington
107429477,Simon Conington
576205527,Simon Conington
5431930,Simon Conington
132287553,Simon Conington
49455462,Simon Conington
460032349,Simon Conington
767760,Simon Conington
115720181,Simon Conington
81020393,Simon Conington
13883876,Simon Conington
67484218,Simon Conington
55793566,Simon Conington
128799883,Simon Conington
31237855,Simon Conington
19228465,Simon Conington
10642808,Simon Conington
110777092,Simon Conington
411021239,Simon Conington
49752887,Simon Conington
9911052,Simon Conington
11615639,Simon Conington
60662109,Simon Conington
51894430,Simon Conington
59575945,Simon Conington
58299203,Simon Conington
19359070,Simon Conington
31950960,Simon Conington
39662742,Simon Conington
161464204,Simon Conington
41323407,Simon Conington
35360975,Simon Conington
2451103,Simon Conington
84733623,Simon Conington
21973513,Simon Conington
276284911,Simon Conington
16371203,Simon Conington
37840264,Simon Conington
146732429,Simon Conington
835296558,Simon Conington
24520366,Simon Conington
14292696,Simon Conington
24831788,Simon Conington
14046767,Simon Conington
11800145,Simon Conington
434220395,Simon Conington
16958718,Simon Conington
233449206,Simon Conington
7107602,Simon Conington
10683658,Simon Conington
78793084,Simon Conington
3724336,Simon Conington
89992195,Simon Conington
152827464,Simon Conington
821784912,Simon Conington
665785,Simon Conington
19550229,Simon Conington
12284638,Simon Conington
11257546,Simon Conington
133601013,Simon Conington
24145374,Simon Conington
246275337,Simon Conington
133897955,Simon Conington
46769529,Simon Conington
16625002,Simon Conington
49782583,Simon Conington
2554473,Simon Conington
554484137,Simon Conington
89593286,Simon Conington
3860065,Simon Conington
111013296,Simon Conington
47464736,Simon Conington
11357119,Simon Conington
190996976,Simon Conington
1962505,Simon Conington
470771787,Simon Conington
21025631,Simon Conington
776901695,Simon Conington
9361111,Simon Conington
13299639,Simon Conington
13018326,Simon Conington
49536730,Simon Conington
20392197,Simon Conington
46766766,Simon Conington
89280757,Simon Conington
15517183,Simon Conington
11760654,Simon Conington
21427744,Simon Conington
111042907,Simon Conington
63431770,Simon Conington
1604551,Simon Conington
397644460,Simon Conington
147390908,Simon Conington
5169259,Simon Conington
169071017,Simon Conington
250537,Simon Conington
81435730,Simon Conington
144124596,Simon Conington
3381881,Simon Conington
20905454,Simon Conington
32912332,Simon Conington
308803117,Simon Conington
843342,Simon Conington
152951017,Simon Conington
75941619,Simon Conington
73917483,Simon Conington
68998686,Simon Conington
3990639,Simon Conington
30549487,Simon Conington
12739207,Simon Conington
46242675,Simon Conington
100198244,Simon Conington
73044224,Simon Conington
3486910,Simon Conington
14306564,Simon Conington
28281999,Simon Conington
10827182,Simon Conington
512907,Simon Conington
52611356,Simon Conington
26488800,Simon Conington
48554982,Simon Conington
7449030,Simon Conington
180221661,Simon Conington
593310093,Simon Conington
332275597,Simon Conington
35965897,Simon Conington
50308730,Simon Conington
24756098,Simon Conington
26169662,Simon Conington
22426663,Simon Conington
234156231,Simon Conington
38572547,Simon Conington
22326483,Simon Conington
8029510,Simon Conington
16289203,Simon Conington
315262,Simon Conington
115919199,Simon Conington
343352,Simon Conington
4086106,Simon Conington
27416251,Simon Conington
21828271,Simon Conington
194075203,Simon Conington
5254217,Simon Conington
12023490,Simon Conington
319611896,Simon Conington
631096,Simon Conington
9468357,Simon Conington
15574003,Simon Conington
19705869,Simon Conington
12563357,Simon Conington
250340654,Simon Conington
4616367,Simon Conington
443006457,Simon Conington
18871094,Simon Conington
16934401,Simon Conington
5661230,Simon Conington
21667107,Simon Conington
617234842,Simon Conington
1436799,Simon Conington
13422285,Simon Conington
57248058,Simon Conington
4034659,Simon Conington
19707010,Simon Conington
10106167,Simon Conington
1192343,Simon Conington
11953955,Simon Conington
25476115,Simon Conington
19299016,Simon Conington
8642625,Simon Conington
190131217,Simon Conington
37930329,Simon Conington
16908546,Simon Conington
277835,Simon Conington
41842161,Simon Conington
139263881,Simon Conington
72194362,Simon Conington
6216783,Simon Conington
42415007,Simon Conington
511012260,Simon Conington
562881714,Simon Conington
611098341,Simon Conington
42918487,Simon Conington
7516725,Simon Conington
5766095,Simon Conington
1027010,Simon Conington
716952623,Simon Conington
283505297,Simon Conington
3392987,Simon Conington
42135523,Simon Conington
56205702,Simon Conington
5596136,Simon Conington
50289651,Simon Conington
169886912,Simon Conington
497596537,Simon Conington
13207719,Simon Conington
523284883,Simon Conington
22153763,Simon Conington
899731953,Simon Conington
13463836,Simon Conington
55710513,Simon Conington
234872575,Simon Conington
24510165,Simon Conington
26421182,Simon Conington
7070608,Simon Conington
225863586,Simon Conington
20037645,Simon Conington
3328894,Simon Conington
14387783,Simon Conington
26983622,Simon Conington
63867113,Simon Conington
528610,Simon Conington
577175047,Simon Conington
49227612,Simon Conington
718289,Simon Conington
15952318,Simon Conington
126785732,Simon Conington
51151152,Simon Conington
1944469,Simon Conington
304356991,Simon Conington
266218105,Simon Conington
243919784,Simon Conington
42942598,Simon Conington
21847147,Simon Conington
12053651,Simon Conington
56331958,Simon Conington
10503816,Simon Conington
72268448,Simon Conington
5646756,Simon Conington
88525227,Simon Conington
18818988,Simon Conington
698324376,Simon Conington
135241557,Simon Conington
36999451,Simon Conington
4600849,Simon Conington
417726832,Simon Conington
234884910,Simon Conington
12708254,Simon Conington
117619494,Simon Conington
28529521,Simon Conington
20732008,Simon Conington
3589615,Simon Conington
837314733,Simon Conington
3624677,Simon Conington
8143532,Simon Conington
13442889,Simon Conington
24561336,Simon Conington
10871055,Simon Conington
7991260,Simon Conington
23852325,Simon Conington
61381466,Simon Conington
6781771,Simon Conington
9100894,Simon Conington
13002533,Simon Conington
10725099,Simon Conington
272501998,Simon Conington
58341623,Simon Conington
1553833,Simon Conington
3195328,Simon Conington
11461721,Simon Conington
36505351,Simon Conington
328841494,Simon Conington
395469796,Simon Conington
151752198,Simon Conington
157396466,Simon Conington
1280649,Simon Conington
2282574,Simon Conington
63981242,Simon Conington
16801351,Simon Conington
570845458,Simon Conington
21722694,Simon Conington
755049111,Simon Conington
28813819,Simon Conington
15529105,Simon Conington
386283824,Simon Conington
6750265,Simon Conington
36276372,Simon Conington
19162304,Simon Conington
1039275,Simon Conington
775906283,Simon Conington
618151453,Simon Conington
11264498,Simon Conington
92185242,Simon Conington
40361277,Simon Conington
8657607,Simon Conington
10860291,Simon Conington
1552798,Simon Conington
5615386,Simon Conington
201495581,Simon Conington
2018868,Simon Conington
33094576,Simon Conington
288379879,Simon Conington
34205714,Simon Conington
84995707,Simon Conington
11425207,Simon Conington
17082171,Simon Conington
24966375,Simon Conington
24686399,Simon Conington
5508536,Simon Conington
8173573,Simon Conington
40386093,Simon Conington
7618047,Simon Conington
16871502,Simon Conington
11700334,Simon Conington
20021224,Simon Conington
677822817,Simon Conington
4156329,Simon Conington
346872681,Simon Conington
1480850,Simon Conington
362892380,Simon Conington
58810470,Simon Conington
61910121,Simon Conington
224823996,Simon Conington
184967934,Simon Conington
14043712,Simon Conington
130053005,Simon Conington
7848691,Simon Conington
44648355,Simon Conington
404982423,Simon Conington
10433820,Simon Conington
826335,Simon Conington
2232231,Simon Conington
833960171,Simon Conington
405858070,Simon Conington
81503601,Simon Conington
80297444,Simon Conington
131250724,Simon Conington
721673174,Simon Conington
5885081,Simon Conington
111421893,Simon Conington
9902354,Simon Conington
6038240,Simon Conington
2120222,Simon Conington
576336087,Simon Conington
603374625,Simon Conington
207176576,Simon Conington
2705134,Simon Conington
440893819,Simon Conington
6062790,Simon Conington
95428729,Simon Conington
113581120,Simon Conington
40870074,Simon Conington
61105804,Simon Conington
5532232,Simon Conington
9594718,Simon Conington
15236698,Simon Conington
268065168,Simon Conington
205036808,Simon Conington
194049140,Simon Conington
20335717,Simon Conington
285889974,Simon Conington
3399121,Simon Conington
201061126,Simon Conington
15923441,Simon Conington
156625616,Simon Conington
16886468,Simon Conington
15459251,Simon Conington
432894367,Simon Conington
98080230,Simon Conington
12529732,Simon Conington
773563603,Simon Conington
256315882,Simon Conington
435951493,Simon Conington
67576359,Simon Conington
400651350,Simon Conington
93777567,Simon Conington
4903391,Simon Conington
53401946,Simon Conington
22940093,Simon Conington
18340284,Simon Conington
7856530,Simon Conington
56678298,Simon Conington
1077962,Simon Conington
2869822,Simon Conington
17724409,Simon Conington
269096658,Simon Conington
560829691,Simon Conington
33657395,Simon Conington
27872070,Simon Conington
70241985,Simon Conington
63143937,Simon Conington
121193251,Simon Conington
524450,Simon Conington
5922279,Simon Conington
96305907,Simon Conington
182145014,Simon Conington
189765887,Simon Conington
20928446,Simon Conington
3802469,Simon Conington
70629472,Simon Conington
38622959,Simon Conington
39438816,Simon Conington
274077961,Simon Conington
95331815,Simon Conington
6976873,Simon Conington
56232524,Simon Conington
581363696,Simon Conington
15224774,Simon Conington
24866852,Simon Conington
75480705,Simon Conington
242248389,Simon Conington
10295833,Simon Conington
35671633,Simon Conington
628349,Simon Conington
4251956,Simon Conington
2326326,Simon Conington
47161470,Simon Conington
14485653,Simon Conington
73053477,Simon Conington
269384599,Simon Conington
31669588,Simon Conington
83222603,Simon Conington
79900504,Simon Conington
278726953,Simon Conington
237404537,Simon Conington
91875267,Simon Conington
11688691,Simon Conington
3292744,Simon Conington
30277630,Simon Conington
33791762,Simon Conington
22081099,Simon Conington
15781588,Simon Conington
289753607,Simon Conington
20250585,Simon Conington
219940888,Simon Conington
403870,Simon Conington
656087500,Simon Conington
626846686,Simon Conington
100890599,Simon Conington
5086577,Simon Conington
86649490,Simon Conington
20665635,Simon Conington
4209248,Simon Conington
112100361,Simon Conington
34916953,Simon Conington
19961315,Simon Conington
88411110,Simon Conington
17068835,Simon Conington
6084212,Simon Conington
3001155,Simon Conington
48514169,Simon Conington
344581,Simon Conington
81020085,Simon Conington
3876425,Simon Conington
1411557,Simon Conington
454748,Simon Conington
90111466,Simon Conington
880959371,Simon Conington
99558507,Simon Conington
152334821,Simon Conington
1587827,Simon Conington
216173473,Simon Conington
5470999,Simon Conington
21501419,Simon Conington
65862412,Simon Conington
12896765,Simon Conington
5375650,Simon Conington
237792268,Simon Conington
3774937,Simon Conington
580120815,Simon Conington
62937183,Simon Conington
3177644,Simon Conington
13406689,Simon Conington
159688489,Simon Conington
469291,Simon Conington
276803210,Simon Conington
42311588,Simon Conington
663201599,Simon Conington
27508092,Simon Conington
684340,Simon Conington
45775805,Simon Conington
5025579,Simon Conington
86850528,Simon Conington
271403525,Simon Conington
164590254,Simon Conington
14218937,Simon Conington
70887734,Simon Conington
193039593,Simon Conington
50158705,Simon Conington
84769589,Simon Conington
407064886,Simon Conington
2414842,Simon Conington
625266,Simon Conington
315665715,Simon Conington
33311056,Simon Conington
133225699,Simon Conington
178090070,Simon Conington
36121065,Simon Conington
12633322,Simon Conington
12700926,Simon Conington
32770360,Simon Conington
231610442,Simon Conington
745788460,Simon Conington
108854617,Simon Conington
2282890,Simon Conington
15245683,Simon Conington
203040351,Simon Conington
115023662,Simon Conington
9380397,Simon Conington
335833654,Simon Conington
96147332,Simon Conington
183910370,Simon Conington
9434197,Simon Conington
174484442,Simon Conington
41607131,Simon Conington
58664471,Simon Conington
54744151,Simon Conington
27971154,Simon Conington
197528197,Simon Conington
116724686,Simon Conington
3010773,Simon Conington
90438831,Simon Conington
828455,Simon Conington
38114521,Simon Conington
11945458,Simon Conington
1157686,Simon Conington
378576397,Simon Conington
7308557,Simon Conington
21667625,Simon Conington
182234855,Simon Conington
19316342,Simon Conington
90307762,Simon Conington
6169080,Simon Conington
68705870,Simon Conington
119337380,Simon Conington
66781229,Simon Conington
56757280,Simon Conington
69211377,Simon Conington
12096887,Simon Conington
83445134,Simon Conington
424971074,Simon Conington
2960258,Simon Conington
84221082,Simon Conington
82837737,Simon Conington
595860288,Simon Conington
19213817,Simon Conington
123937791,Simon Conington
17621233,Simon Conington
253772972,Simon Conington
209510468,Simon Conington
50828462,Simon Conington
21368499,Simon Conington
53397335,Simon Conington
61175762,Simon Conington
13260694,Simon Conington
233453755,Simon Conington
1238802,Simon Conington
5686834,Simon Conington
59513145,Simon Conington
89526552,Simon Conington
412499410,Simon Conington
22521928,Simon Conington
49068286,Simon Conington
78947517,Simon Conington
881709575,Simon Conington
389044928,Simon Conington
157555667,Simon Conington
130306623,Simon Conington
12905011,Simon Conington
1867988,Simon Conington
11685428,Simon Conington
16776077,Simon Conington
1854391,Simon Conington
78217249,Simon Conington
177133823,Simon Conington
273702103,Simon Conington
16834475,Simon Conington
117725589,Simon Conington
38403084,Simon Conington
593552940,Simon Conington
7470390,Simon Conington
30283258,Simon Conington
26188139,Simon Conington
70446065,Simon Conington
157788720,Simon Conington
2879524,Simon Conington
3662564,Simon Conington
25427460,Simon Conington
46321504,Simon Conington
237199333,Simon Conington
10300556,Simon Conington
13474020,Simon Conington
76665579,Simon Conington
288373,Simon Conington
207073164,Simon Conington
176798917,Simon Conington
2960939,Simon Conington
193334009,Simon Conington
12916715,Simon Conington
5339802,Simon Conington
1431828,Simon Conington
60227805,Simon Conington
326295614,Simon Conington
350383235,Simon Conington
10405222,Simon Conington
744460,Simon Conington
313711394,Simon Conington
236941730,Simon Conington
139181112,Simon Conington
275563395,Simon Conington
44909336,Simon Conington
48089757,Simon Conington
8302654,Simon Conington
343622328,Simon Conington
73372736,Simon Conington
266614,Simon Conington
741144886,Simon Conington
578823010,Simon Conington
284318597,Simon Conington
100243418,Simon Conington
10217628,Simon Conington
723543281,Simon Conington
138437219,Simon Conington
4465655,Simon Conington
13191293,Simon Conington
3490412,Simon Conington
346254254,Simon Conington
5880334,Simon Conington
18901602,Simon Conington
29419757,Simon Conington
53812947,Simon Conington
32634749,Simon Conington
1980263,Simon Conington
134938,Simon Conington
15197091,Simon Conington
13820722,Simon Conington
63014950,Simon Conington
351393143,Simon Conington
78939736,Simon Conington
5461969,Simon Conington
198815864,Simon Conington
175603537,Simon Conington
167655485,Simon Conington
6224135,Simon Conington
4260145,Simon Conington
56353408,Simon Conington
43982639,Simon Conington
81516150,Simon Conington
135796031,Simon Conington
5373583,Simon Conington
135341034,Simon Conington
9273005,Simon Conington
163065626,Simon Conington
123397425,Simon Conington
3058197,Simon Conington
91522332,Simon Conington
20042484,Simon Conington
25203410,Simon Conington
170537492,Simon Conington
5989908,Simon Conington
104099265,Simon Conington
109936353,Simon Conington
91175176,Simon Conington
203862385,Simon Conington
86083198,Simon Conington
393463652,Simon Conington
108413965,Simon Conington
620888586,Simon Conington
1662175,Simon Conington
84055864,Simon Conington
50364071,Simon Conington
143449012,Simon Conington
4598168,Simon Conington
87643807,Simon Conington
273244767,Simon Conington
98078680,Simon Conington
195067936,Simon Conington
21847505,Simon Conington
1069854,Simon Conington
129252979,Simon Conington
113062939,Simon Conington
95687582,Simon Conington
52776718,Simon Conington
5545967,Simon Conington
48373963,Simon Conington
32079513,Simon Conington
66262092,Simon Conington
52195772,Simon Conington
18993283,Simon Conington
10843094,Simon Conington
771105546,Simon Conington
10207645,Simon Conington
340992675,Simon Conington
244619552,Simon Conington
65257281,Simon Conington
183904493,Simon Conington
2372501,Simon Conington
2851781,Simon Conington
149718796,Simon Conington
205689768,Simon Conington
66340157,Simon Conington
232809797,Simon Conington
70686602,Simon Conington
74129934,Simon Conington
260941815,Simon Conington
13501046,Simon Conington
4647906,Simon Conington
128745910,Simon Conington
15095051,Simon Conington
184881582,Simon Conington
16253847,Simon Conington
261464452,Simon Conington
193467561,Simon Conington
299650711,Simon Conington
24640641,Simon Conington
17520830,Simon Conington
2633819,Simon Conington
14976486,Simon Conington
73590661,Simon Conington
11951238,Simon Conington
57960860,Simon Conington
349581137,Simon Conington
74816123,Simon Conington
981577,Simon Conington
15548515,Simon Conington
100347705,Simon Conington
44150893,Simon Conington
54345329,Simon Conington
391611148,Simon Conington
21741219,Simon Conington
2453398,Simon Conington
113234622,Simon Conington
50135386,Simon Conington
154850581,Simon Conington
93156206,Simon Conington
570356610,Simon Conington
488588808,Simon Conington
66037613,Simon Conington
177212559,Simon Conington
23645454,Simon Conington
6164903,Simon Conington
56296362,Simon Conington
191253863,Simon Conington
47731137,Simon Conington
2842430,Simon Conington
313076386,Simon Conington
5878180,Simon Conington
21894102,Simon Conington
107988335,Simon Conington
126478231,Simon Conington
18397527,Simon Conington
58116,Simon Conington
6256608,Simon Conington
26398477,Simon Conington
249047125,Simon Conington
204087978,Simon Conington
6488069,Simon Conington
95321478,Simon Conington
19618236,Simon Conington
90674345,Simon Conington
16109568,Simon Conington
119987580,Simon Conington
3167171,Simon Conington
13378418,Simon Conington
5531266,Simon Conington
36927945,Simon Conington
292005793,Simon Conington
15701244,Simon Conington
6121643,Simon Conington
316487142,Simon Conington
61451996,Simon Conington
541706499,Simon Conington
11760980,Simon Conington
3199642,Simon Conington
542641646,Simon Conington
37379803,Simon Conington
144175150,Simon Conington
10405966,Simon Conington
768821948,Simon Conington
197443341,Simon Conington
6537126,Simon Conington
677995803,Simon Conington
26417343,Simon Conington
100749865,Simon Conington
1239853,Simon Conington
210459535,Simon Conington
3946761,Simon Conington
44618038,Simon Conington
115515064,Simon Conington
589730598,Simon Conington
189908035,Simon Conington
5328967,Simon Conington
41458484,Simon Conington
7844717,Simon Conington
430743661,Simon Conington
3967248,Simon Conington
599405939,Simon Conington
1293198,Simon Conington
74078854,Simon Conington
47941730,Simon Conington
147112723,Simon Conington
288365442,Simon Conington
540123,Simon Conington
17259764,Simon Conington
84211140,Simon Conington
22749367,Simon Conington
14743858,Simon Conington
15763924,Simon Conington
82904845,Simon Conington
21816357,Simon Conington
1369863,Simon Conington
52866680,Simon Conington
370912750,Simon Conington
44239606,Simon Conington
14010559,Simon Conington
81261381,Simon Conington
68363294,Simon Conington
3978617,Simon Conington
60884336,Simon Conington
192049357,Simon Conington
306029902,Simon Conington
223024079,Simon Conington
682706312,Simon Conington
365607553,Simon Conington
62886397,Simon Conington
139449236,Simon Conington
33138,Simon Conington
4263533,Simon Conington
32417801,Simon Conington
5686015,Simon Conington
1784840,Simon Conington
43790176,Simon Conington
9672026,Simon Conington
4572717,Simon Conington
286109929,Simon Conington
13299270,Simon Conington
71386158,Simon Conington
9620289,Simon Conington
69231930,Simon Conington
168340684,Simon Conington
23414301,Simon Conington
230419859,Simon Conington
514700797,Simon Conington
575998663,Simon Conington
3894052,Simon Conington
37789893,Simon Conington
1077052,Simon Conington
629306104,Simon Conington
73607384,Simon Conington
397452047,Simon Conington
52992166,Simon Conington
86113194,Simon Conington
758983519,Simon Conington
77091851,Simon Conington
18873722,Simon Conington
25931097,Simon Conington
49193132,Simon Conington
337305303,Simon Conington
651622607,Simon Conington
202122003,Simon Conington
116503560,Simon Conington
132899248,Simon Conington
30250018,Simon Conington
12895611,Simon Conington
567330570,Simon Conington
143017388,Simon Conington
155611597,Simon Conington
136805468,Simon Conington
71673944,Simon Conington
5230904,Simon Conington
8250668,Simon Conington
54626230,Simon Conington
26517639,Simon Conington
90999996,Simon Conington
428260555,Simon Conington
1597606,Simon Conington
21906917,Simon Conington
26673680,Simon Conington
29479528,Simon Conington
296258428,Simon Conington
1508456,Simon Conington
48372164,Simon Conington
38360741,Simon Conington
161020104,Simon Conington
32265172,Simon Conington
35027004,Simon Conington
184544950,Simon Conington
430752095,Simon Conington
27294502,Simon Conington
64440492,Simon Conington
109494808,Simon Conington
36945904,Simon Conington
39370269,Simon Conington
464804975,Simon Conington
27585299,Simon Conington
44161114,Simon Conington
57643606,Simon Conington
128319702,Simon Conington
196717076,Simon Conington
258987189,Simon Conington
3430640,Simon Conington
8781678,Simon Conington
11148600,Simon Conington
76398073,Simon Conington
103391899,Simon Conington
510299965,Simon Conington
181985930,Simon Conington
67796970,Simon Conington
49448210,Simon Conington
47501612,Simon Conington
5132345,Simon Conington
96112018,Simon Conington
314028916,Simon Conington
548897780,Simon Conington
170626996,Simon Conington
134187610,Simon Conington
81797947,Simon Conington
178609776,Simon Conington
3332712,Simon Conington
5415397,Simon Conington
161555596,Simon Conington
212755680,Simon Conington
72655825,Simon Conington
72613773,Simon Conington
22227856,Simon Conington
68344196,Simon Conington
17129669,Simon Conington
16693825,Simon Conington
67894954,Simon Conington
16836619,Simon Conington
8146392,Simon Conington
496372266,Simon Conington
315056265,Simon Conington
11650111,Simon Conington
408221654,Simon Conington
1499902,Simon Conington
524216564,Simon Conington
66293098,Simon Conington
565136478,Simon Conington
437022561,Simon Conington
136582219,Simon Conington
103183529,Simon Conington
6471026,Simon Conington
4809504,Simon Conington
135717881,Simon Conington
31623428,Simon Conington
15046938,Simon Conington
532531199,Simon Conington
15092901,Simon Conington
12898340,Simon Conington
95873151,Simon Conington
23265611,Simon Conington
33679101,Simon Conington
337912365,Simon Conington
25048597,Simon Conington
5847530,Simon Conington
16448705,Simon Conington
3813984,Simon Conington
14510371,Simon Conington
141177050,Simon Conington
30875386,Simon Conington
37110676,Simon Conington
2362591,Simon Conington
255647045,Simon Conington
7581055,Simon Conington
98925532,Simon Conington
1871476,Simon Conington
17134986,Simon Conington
85423280,Simon Conington
58883796,Simon Conington
75524448,Simon Conington
588800580,Simon Conington
24089637,Simon Conington
155549294,Simon Conington
616139872,Simon Conington
285792266,Simon Conington
37761432,Simon Conington
102141495,Simon Conington
39294854,Simon Conington
31283656,Simon Conington
273934404,Simon Conington
52003096,Simon Conington
582102114,Simon Conington
133507849,Simon Conington
169245778,Simon Conington
51067657,Simon Conington
95853822,Simon Conington
162657767,Simon Conington
162762491,Simon Conington
2997641,Simon Conington
159690997,Simon Conington
361235082,Simon Conington
47493916,Simon Conington
653134515,Simon Conington
6827632,Simon Conington
12932735,Simon Conington
150082081,Simon Conington
72855139,Simon Conington
4057111,Simon Conington
5308660,Simon Conington
483325747,Simon Conington
804017975,Simon Conington
120023557,Simon Conington
45225959,Simon Conington
124537864,Simon Conington
82076881,Simon Conington
70140245,Simon Conington
123225103,Simon Conington
202539197,Simon Conington
12900506,Simon Conington
24466985,Simon Conington
72670750,Simon Conington
231367441,Simon Conington
418154627,Simon Conington
15798161,Simon Conington
121700536,Simon Conington
228875166,Simon Conington
2024882,Simon Conington
296859,Simon Conington
37764897,Simon Conington
3699374,Simon Conington
38061759,Simon Conington
116474809,Simon Conington
47422673,Simon Conington
239915829,Simon Conington
22179971,Simon Conington
72544914,Simon Conington
5390336,Simon Conington
88464693,Simon Conington
758386529,Simon Conington
5133583,Simon Conington
30308196,Simon Conington
51093860,Simon Conington
2285004,Simon Conington
180032615,Simon Conington
40597331,Simon Conington
28859403,Simon Conington
16402884,Simon Conington
30722363,Simon Conington
105604350,Simon Conington
46285249,Simon Conington
263596527,Simon Conington
14433465,Simon Conington
50903877,Simon Conington
26254950,Simon Conington
23002489,Simon Conington
18729723,Simon Conington
11470936,Simon Conington
39618068,Simon Conington
12929052,Simon Conington
192349256,Simon Conington
671015,Simon Conington
205786743,Simon Conington
4500700,Simon Conington
462711588,Simon Conington
19154879,Simon Conington
70028921,Simon Conington
2771965,Simon Conington
3392041,Simon Conington
6001718,Simon Conington
67740921,Simon Conington
88401784,Simon Conington
8900281,Simon Conington
11689625,Simon Conington
352696767,Simon Conington
4561255,Simon Conington
14510880,Simon Conington
960760,Simon Conington
90514378,Simon Conington
96949413,Simon Conington
5009213,Simon Conington
77644217,Simon Conington
49083099,Simon Conington
294766037,Simon Conington
65913478,Simon Conington
11853650,Simon Conington
8435961,Simon Conington
12976489,Simon Conington
25312028,Simon Conington
16413407,Simon Conington
14634435,Simon Conington
860668,Simon Conington
11834125,Simon Conington
2408160,Simon Conington
229251148,Simon Conington
8208089,Simon Conington
295254240,Simon Conington
172939998,Simon Conington
14316090,Simon Conington
18485477,Simon Conington
26096270,Simon Conington
11627032,Simon Conington
10828061,Simon Conington
60173184,Simon Conington
42207401,Simon Conington
5535554,Simon Conington
173479488,Simon Conington
47091737,Simon Conington
82432979,Simon Conington
5758336,Simon Conington
256095443,Simon Conington
11565678,Simon Conington
94191691,Simon Conington
428770491,Simon Conington
339222908,Simon Conington
135094648,Simon Conington
100411823,Simon Conington
218238938,Simon Conington
181281095,Simon Conington
720505122,Simon Conington
5000116,Simon Conington
404502395,Simon Conington
97439276,Simon Conington
267733734,Simon Conington
615053320,Simon Conington
123213742,Simon Conington
16339200,Simon Conington
378601792,Simon Conington
160615140,Simon Conington
4737065,Simon Conington
92859093,Simon Conington
57789658,Simon Conington
649330643,Simon Conington
4769639,Simon Conington
9765886,Simon Conington
129060037,Simon Conington
17955016,Simon Conington
90684899,Simon Conington
41607882,Simon Conington
13151517,Simon Conington
49613790,Simon Conington
533587372,Simon Conington
88272910,Simon Conington
397796904,Simon Conington
19768561,Simon Conington
267461673,Simon Conington
8865013,Simon Conington
185006605,Simon Conington
7255932,Simon Conington
695425843,Simon Conington
118735814,Simon Conington
104113996,Simon Conington
13278406,Simon Conington
468510546,Simon Conington
549712718,Simon Conington
11556250,Simon Conington
5133268,Simon Conington
6527686,Simon Conington
9295446,Simon Conington
3402809,Simon Conington
138460821,Simon Conington
8619567,Simon Conington
191875700,Simon Conington
41597222,Simon Conington
6996970,Simon Conington
51502310,Simon Conington
57997792,Simon Conington
26983485,Simon Conington
58096052,Simon Conington
213036971,Simon Conington
182051915,Simon Conington
27628882,Simon Conington
74308069,Simon Conington
260926614,Simon Conington
53858159,Simon Conington
82559463,Simon Conington
168831677,Simon Conington
60165506,Simon Conington
60247863,Simon Conington
316370166,Simon Conington
27042129,Simon Conington
40267574,Simon Conington
284692504,Simon Conington
74881565,Simon Conington
2871059,Simon Conington
434977952,Simon Conington
16309626,Simon Conington
246395483,Simon Conington
3916444,Simon Conington
6712481,Simon Conington
410764055,Simon Conington
5864805,Simon Conington
60866298,Simon Conington
227509999,Simon Conington
1383552,Simon Conington
75240581,Simon Conington
6112153,Simon Conington
5893868,Simon Conington
171810190,Simon Conington
753054961,Simon Conington
33504348,Simon Conington
139825155,Simon Conington
559392437,Simon Conington
2736197,Simon Conington
18570628,Simon Conington
105959060,Simon Conington
96233217,Simon Conington
11670368,Simon Conington
105281866,Simon Conington
3186867,Simon Conington
21662967,Simon Conington
28065570,Simon Conington
340331287,Simon Conington
28664283,Simon Conington
828556,Simon Conington
146141750,Simon Conington
50659000,Simon Conington
8606192,Simon Conington
118641568,Simon Conington
306660,Simon Conington
90041037,Simon Conington
32559704,Simon Conington
29668741,Simon Conington
39785346,Simon Conington
129466614,Simon Conington
45702457,Simon Conington
182634092,Simon Conington
529795,Simon Conington
30694104,Simon Conington
367707026,Simon Conington
619650,Simon Conington
161728372,Simon Conington
23137004,Simon Conington
32160804,Simon Conington
54387460,Simon Conington
255799547,Simon Conington
19523872,Simon Conington
5731195,Simon Conington
139982424,Simon Conington
202027247,Simon Conington
72722570,Simon Conington
83138659,Simon Conington
347274917,Simon Conington
51394536,Simon Conington
66448221,Simon Conington
170283985,Simon Conington
259813351,Simon Conington
135467410,Simon Conington
174102950,Simon Conington
11225001,Simon Conington
7119958,Simon Conington
12949316,Simon Conington
216203791,Simon Conington
261163976,Simon Conington
5342552,Simon Conington
360457115,Simon Conington
101097124,Simon Conington
5982195,Simon Conington
103154241,Simon Conington
116549976,Simon Conington
18551527,Simon Conington
72334033,Simon Conington
10863880,Simon Conington
85269003,Simon Conington
229579452,Simon Conington
60258238,Simon Conington
24040529,Simon Conington
217601554,Simon Conington
26552756,Simon Conington
315896592,Simon Conington
7353420,Simon Conington
1927005,Simon Conington
79244754,Simon Conington
102426417,Simon Conington
9068768,Simon Conington
116834781,Simon Conington
2695706,Simon Conington
284685431,Simon Conington
30199721,Simon Conington
160388705,Simon Conington
1999291,Simon Conington
77778879,Simon Conington
23711881,Simon Conington
56603536,Simon Conington
79230879,Simon Conington
298860628,Simon Conington
187485877,Simon Conington
2842988,Simon Conington
92715552,Simon Conington
1007165,Simon Conington
3946348,Simon Conington
2149855,Simon Conington
1384769,Simon Conington
12157295,Simon Conington
11382057,Simon Conington
67014206,Simon Conington
5201664,Simon Conington
4432089,Simon Conington
83422665,Simon Conington
102446855,Simon Conington
234214677,Simon Conington
360134455,Simon Conington
226061909,Simon Conington
193447,Simon Conington
21237649,Simon Conington
22852365,Simon Conington
161906220,Simon Conington
6853001,Simon Conington
20786070,Simon Conington
49488934,Simon Conington
26911942,Simon Conington
23754336,Simon Conington
32856418,Simon Conington
85086291,Simon Conington
3731041,Simon Conington
43966731,Simon Conington
391715,Simon Conington
3980028,Simon Conington
153133241,Simon Conington
53727813,Simon Conington
791163,Simon Conington
118101829,Simon Conington
3783964,Simon Conington
35358938,Simon Conington
103841828,Simon Conington
408107802,Simon Conington
134369810,Simon Conington
40451972,Simon Conington
115300531,Simon Conington
212503600,Simon Conington
4058643,Simon Conington
5477646,Simon Conington
54638958,Simon Conington
104906248,Simon Conington
49528132,Simon Conington
192114373,Simon Conington
62133045,Simon Conington
137814710,Simon Conington
2144555,Simon Conington
5087275,Simon Conington
74306449,Simon Conington
102527332,Simon Conington
57447723,Simon Conington
18790676,Simon Conington
152588126,Simon Conington
77057134,Simon Conington
12998946,Simon Conington
1852288,Simon Conington
732497152,Simon Conington
22462392,Simon Conington
96982151,Simon Conington
801611774,Simon Conington
855536685,Simon Conington
810862407,Simon Conington
161938526,Simon Conington
48059343,Simon Conington
106256661,Simon Conington
24191145,Simon Conington
381646703,Simon Conington
12878046,Simon Conington
4965539,Simon Conington
56523076,Simon Conington
43173979,Simon Conington
1110970,Simon Conington
58444785,Simon Conington
151830242,Simon Conington
17021346,Simon Conington
263305252,Simon Conington
241466,Simon Conington
191276722,Simon Conington
7512218,Simon Conington
13394178,Simon Conington
3818269,Simon Conington
14740615,Simon Conington
835448502,Simon Conington
331462177,Simon Conington
117435825,Simon Conington
26631024,Simon Conington
4389107,Simon Conington
261817825,Simon Conington
2733512,Simon Conington
701178775,Simon Conington
199393633,Simon Conington
41194585,Simon Conington
27312305,Simon Conington
20778286,Simon Conington
53878612,Simon Conington
78280784,Simon Conington
41970685,Simon Conington
7332003,Simon Conington
57512759,Simon Conington
215135843,Simon Conington
33985145,Simon Conington
91045039,Simon Conington
75450267,Simon Conington
10381205,Simon Conington
40126303,Simon Conington
136418727,Simon Conington
6964535,Simon Conington
78769905,Simon Conington
1678201,Simon Conington
22123443,Simon Conington
467855,Simon Conington
82695792,Simon Conington
25966226,Simon Conington
69374321,Simon Conington
15264385,Simon Conington
66464820,Simon Conington
130362908,Simon Conington
10831978,Simon Conington
31050366,Simon Conington
59605004,Simon Conington
67091540,Simon Conington
65397822,Simon Conington
35106608,Simon Conington
453352750,Simon Conington
68033993,Simon Conington
294246109,Simon Conington
106429175,Simon Conington
41265805,Simon Conington
18420880,Simon Conington
406620861,Simon Conington
205494232,Simon Conington
108117148,Simon Conington
12403519,Simon Conington
145352320,Simon Conington
153118533,Simon Conington
70690967,Simon Conington
301943256,Simon Conington
12220838,Simon Conington
46944804,Simon Conington
2056848,Simon Conington
81184593,Simon Conington
63895431,Simon Conington
544569474,Simon Conington
89679045,Simon Conington
8811572,Simon Conington
120510462,Simon Conington
505187400,Simon Conington
16415358,Simon Conington
94040049,Simon Conington
104217677,Simon Conington
22241421,Simon Conington
1891009,Simon Conington
14140141,Simon Conington
114574067,Simon Conington
50908573,Simon Conington
27522557,Simon Conington
4829758,Simon Conington
19710916,Simon Conington
184095854,Simon Conington
33684196,Simon Conington
25308144,Simon Conington
52817614,Simon Conington
2285031,Simon Conington
305452192,Simon Conington
218120865,Simon Conington
20167139,Simon Conington
374030663,Simon Conington
137466965,Simon Conington
38778132,Simon Conington
34968478,Simon Conington
151787074,Simon Conington
31791425,Simon Conington
90144558,Simon Conington
64264929,Simon Conington
137694232,Simon Conington
479607,Simon Conington
49261574,Simon Conington
28223188,Simon Conington
35738917,Simon Conington
211254102,Simon Conington
440788143,Simon Conington
8165356,Simon Conington
6522450,Simon Conington
19254071,Simon Conington
32948416,Simon Conington
65945938,Simon Conington
112767059,Simon Conington
17591188,Simon Conington
230484467,Simon Conington
31143686,Simon Conington
51483637,Simon Conington
367044481,Simon Conington
435069599,Simon Conington
102432007,Simon Conington
194886363,Simon Conington
368505,Simon Conington
22636523,Simon Conington
84859556,Simon Conington
95281881,Simon Conington
108532513,Simon Conington
15846341,Simon Conington
43275900,Simon Conington
301385269,Simon Conington
4080882,Simon Conington
7822078,Simon Conington
39565964,Simon Conington
29961240,Simon Conington
13518747,Simon Conington
87696145,Simon Conington
1512320,Simon Conington
46408852,Simon Conington
75162,Simon Conington
83780310,Simon Conington
45357360,Simon Conington
8926087,Simon Conington
81627439,Simon Conington
145477766,Simon Conington
328403736,Simon Conington
82320969,Simon Conington
75536547,Simon Conington
104431484,Simon Conington
196478412,Simon Conington
119270163,Simon Conington
147855401,Simon Conington
754304693,Simon Conington
72891170,Simon Conington
519542425,Simon Conington
76612226,Simon Conington
77497660,Simon Conington
212259178,Simon Conington
39963092,Simon Conington
111368068,Simon Conington
107295707,Simon Conington
148524790,Simon Conington
30694404,Simon Conington
76973186,Simon Conington
5943332,Simon Conington
282238944,Simon Conington
60514916,Simon Conington
139288044,Simon Conington
500083429,Simon Conington
152555401,Simon Conington
48151672,Simon Conington
23416735,Simon Conington
25132420,Simon Conington
30650941,Simon Conington
265510795,Simon Conington
84933657,Simon Conington
45533709,Simon Conington
553435668,Simon Conington
290225798,Simon Conington
71237668,Simon Conington
83041379,Simon Conington
7668698,Simon Conington
385323235,Simon Conington
574932465,Simon Conington
22032213,Simon Conington
821329142,Simon Conington
174799669,Simon Conington
13360047,Simon Conington
12663881,Simon Conington
39070316,Simon Conington
194879167,Simon Conington
305405972,Simon Conington
41312656,Simon Conington
116154761,Simon Conington
36194956,Simon Conington
31488129,Simon Conington
602313332,Simon Conington
52469857,Simon Conington
820420680,Simon Conington
34656760,Simon Conington
11464725,Simon Conington
29033931,Simon Conington
54750023,Simon Conington
13689265,Simon Conington
132561429,Simon Conington
7241970,Simon Conington
23695936,Simon Conington
55463211,Simon Conington
798635042,Simon Conington
372162906,Simon Conington
144975122,Simon Conington
525867182,Simon Conington
37945174,Simon Conington
2230080,Simon Conington
4775751,Simon Conington
823487,Simon Conington
64428495,Simon Conington
14206739,Simon Conington
42109115,Simon Conington
110391897,Simon Conington
185856165,Simon Conington
157657597,Simon Conington
35709894,Simon Conington
163902174,Simon Conington
112620357,Simon Conington
418705403,Simon Conington
399049585,Simon Conington
785043476,Simon Conington
786907323,Simon Conington
261508578,Simon Conington
270974869,Simon Conington
713604382,Simon Conington
760557179,Simon Conington
777124705,Simon Conington
143259051,Simon Conington
519917475,Simon Conington
358827047,Simon Conington
17791489,Simon Conington
464034539,Simon Conington
487786514,Simon Conington
69705306,Simon Conington
3916931,Simon Conington
779315928,Simon Conington
43433819,Simon Conington
38645273,Simon Conington
52856241,Simon Conington
345252593,Simon Conington
62275959,Simon Conington
56563805,Simon Conington
19899620,Simon Conington
7414037,Simon Conington
109322424,Simon Conington
17701038,Simon Conington
396916184,Simon Conington
2804906,Simon Conington
90987899,Simon Conington
56169386,Simon Conington
159450247,Simon Conington
36598662,Simon Conington
14462295,Simon Conington
50501945,Simon Conington
409777864,Simon Conington
22629658,Simon Conington
65373673,Simon Conington
50852866,Simon Conington
107869764,Simon Conington
14353723,Simon Conington
385007546,Simon Conington
302179767,Simon Conington
100829403,Simon Conington
518221535,Simon Conington
767886201,Simon Conington
767887147,Simon Conington
746719537,Simon Conington
152007032,Simon Conington
448781289,Simon Conington
41585343,Simon Conington
8260820,Simon Conington
70759895,Simon Conington
50341254,Simon Conington
11376227,Simon Conington
56482474,Simon Conington
7370004,Simon Conington
211158196,Simon Conington
7548964,Simon Conington
95828661,Simon Conington
38164529,Simon Conington
1167718,Simon Conington
3196670,Simon Conington
167026237,Simon Conington
6268039,Simon Conington
244427482,Simon Conington
436310809,Simon Conington
24501676,Simon Conington
97966863,Simon Conington
551428027,Simon Conington
7848549,Simon Conington
22634719,Simon Conington
151982098,Simon Conington
57094146,Simon Conington
23773174,Simon Conington
29029230,Simon Conington
47910064,Simon Conington
2525597,Simon Conington
9445678,Simon Conington
20826176,Simon Conington
89494919,Simon Conington
85448389,Simon Conington
49944025,Simon Conington
276180844,Simon Conington
266193,Simon Conington
56753092,Simon Conington
142920643,Simon Conington
76959602,Simon Conington
3264672,Simon Conington
125053214,Simon Conington
18874213,Simon Conington
17840076,Simon Conington
488987816,Simon Conington
89218015,Simon Conington
40289672,Simon Conington
12088610,Simon Conington
14971416,Simon Conington
682561379,Simon Conington
645020948,Simon Conington
67203664,Simon Conington
132981046,Simon Conington
258168364,Simon Conington
67959207,Simon Conington
27517754,Simon Conington
70112930,Simon Conington
59104056,Simon Conington
77814127,Simon Conington
171484412,Simon Conington
211727503,Simon Conington
10076153,Simon Conington
1237250,Simon Conington
7761127,Simon Conington
42947566,Simon Conington
31452386,Simon Conington
163007238,Simon Conington
686643372,Simon Conington
590623499,Simon Conington
3394245,Simon Conington
29700760,Simon Conington
6883857,Simon Conington
129800704,Simon Conington
668662894,Simon Conington
341946578,Simon Conington
13577494,Simon Conington
6890038,Simon Conington
14633439,Simon Conington
21545544,Simon Conington
5975875,Simon Conington
4640159,Simon Conington
31887794,Simon Conington
566018603,Simon Conington
7876949,Simon Conington
330515471,Simon Conington
582207108,Simon Conington
1085722,Simon Conington
392478331,Simon Conington
616596617,Simon Conington
18287294,Simon Conington
23509112,Simon Conington
528626915,Simon Conington
55884867,Simon Conington
154942145,Simon Conington
25551894,Simon Conington
47580245,Simon Conington
11585452,Simon Conington
87997743,Simon Conington
73567712,Simon Conington
11801771,Simon Conington
457644945,Simon Conington
50910958,Simon Conington
66125531,Simon Conington
2364382,Simon Conington
55140995,Simon Conington
21641875,Simon Conington
46214441,Simon Conington
20433116,Simon Conington
35121331,Simon Conington
58552756,Simon Conington
520164491,Simon Conington
34060153,Simon Conington
257710015,Simon Conington
644610865,Simon Conington
16849243,Simon Conington
97169200,Simon Conington
13812417,Simon Conington
49803820,Simon Conington
611213057,Simon Conington
88173094,Simon Conington
687602070,Simon Conington
124434043,Simon Conington
350116724,Simon Conington
29834322,Simon Conington
404701013,Simon Conington
560568272,Simon Conington
20536835,Simon Conington
47954867,Simon Conington
8259838,Simon Conington
232197639,Simon Conington
80407274,Simon Conington
14507794,Simon Conington
19008176,Simon Conington
323034977,Simon Conington
253587624,Simon Conington
488189765,Simon Conington
1394643,Simon Conington
46591276,Simon Conington
5771034,Simon Conington
5519101,Simon Conington
3740519,Simon Conington
148388086,Simon Conington
26334857,Simon Conington
12504591,Simon Conington
10203426,Simon Conington
292108,Simon Conington
87126640,Simon Conington
1049636,Simon Conington
108978728,Simon Conington
611254897,Simon Conington
532839554,Simon Conington
58360646,Simon Conington
59676082,Simon Conington
680909930,Simon Conington
40482095,Simon Conington
673964631,Simon Conington
311220692,Simon Conington
14136238,Simon Conington
11405658,Simon Conington
676370845,Simon Conington
20082413,Simon Conington
3211363,Simon Conington
440813753,Simon Conington
474812414,Simon Conington
379329839,Simon Conington
410481338,Simon Conington
80273186,Simon Conington
64220490,Simon Conington
7494160,Simon Conington
667574852,Simon Conington
11393018,Simon Conington
183517945,Simon Conington
67313520,Simon Conington
46457835,Simon Conington
38465196,Simon Conington
53387686,Simon Conington
25201491,Simon Conington
12556459,Simon Conington
232175410,Simon Conington
84945732,Simon Conington
483639140,Simon Conington
10206948,Simon Conington
211773649,Simon Conington
20715617,Simon Conington
661577447,Simon Conington
98681350,Simon Conington
347939768,Simon Conington
218919396,Simon Conington
33056278,Simon Conington
11725024,Simon Conington
22224808,Simon Conington
5537330,Simon Conington
613733,Simon Conington
253433431,Simon Conington
237284640,Simon Conington
2551030,Simon Conington
22955146,Simon Conington
60132348,Simon Conington
195998978,Simon Conington
2933201,Simon Conington
638691028,Simon Conington
1194033,Simon Conington
335094557,Simon Conington
61303632,Simon Conington
1872708,Simon Conington
51876953,Simon Conington
274075547,Simon Conington
248004748,Simon Conington
609151749,Simon Conington
102422592,Simon Conington
54628714,Simon Conington
327061430,Simon Conington
83842549,Simon Conington
48949034,Simon Conington
251035948,Simon Conington
383092,Simon Conington
59106035,Simon Conington
32795216,Simon Conington
371771184,Simon Conington
637449418,Simon Conington
349621610,Simon Conington
36258608,Simon Conington
280296391,Simon Conington
91670752,Simon Conington
59510249,Simon Conington
38972097,Simon Conington
57491246,Simon Conington
2294184,Simon Conington
21545003,Simon Conington
632852631,Simon Conington
565276151,Simon Conington
638603,Simon Conington
23641145,Simon Conington
297294566,Simon Conington
21970138,Simon Conington
102758335,Simon Conington
44759523,Simon Conington
263030245,Simon Conington
2682778,Simon Conington
26125896,Simon Conington
96151762,Simon Conington
16849635,Simon Conington
606181937,Simon Conington
41819939,Simon Conington
432395614,Simon Conington
7258560,Simon Conington
12780876,Simon Conington
415870088,Simon Conington
84710918,Simon Conington
81263204,Simon Conington
41096202,Simon Conington
196707118,Simon Conington
10269944,Simon Conington
302815330,Simon Conington
25517123,Simon Conington
515168021,Simon Conington
11992488,Simon Conington
246377037,Simon Conington
5471,Simon Conington
15098168,Simon Conington
3020,Simon Conington
41464586,Simon Conington
2179746,Simon Conington
24464759,Simon Conington
40824533,Simon Conington
24812799,Simon Conington
489302818,Simon Conington
181988384,Simon Conington
608058991,Simon Conington
10491910,Simon Conington
469614302,Simon Conington
12328643,Simon Conington
328067395,Simon Conington
1230438,Simon Conington
1747335,Simon Conington
9443126,Simon Conington
17077525,Simon Conington
153686875,Simon Conington
600313325,Simon Conington
126048892,Simon Conington
512283536,Simon Conington
37476495,Simon Conington
13819775,Simon Conington
424775853,Simon Conington
268510862,Simon Conington
4256654,Simon Conington
46579999,Simon Conington
38678415,Simon Conington
25226202,Simon Conington
18884547,Simon Conington
207782642,Simon Conington
13516180,Simon Conington
5320721,Simon Conington
60767135,Simon Conington
35517195,Simon Conington
7449941,Simon Conington
5672795,Simon Conington
149023887,Simon Conington
34759791,Simon Conington
425008203,Simon Conington
503314519,Simon Conington
1291636,Simon Conington
130621442,Simon Conington
23831707,Simon Conington
64091754,Simon Conington
17056511,Simon Conington
50102977,Simon Conington
12421952,Simon Conington
84957505,Simon Conington
17777283,Simon Conington
48821324,Simon Conington
45060134,Simon Conington
53472155,Simon Conington
65606948,Simon Conington
10156190,Simon Conington
2720526,Simon Conington
322917885,Simon Conington
5242568,Simon Conington
575454187,Simon Conington
173136860,Simon Conington
5374895,Simon Conington
3009042,Simon Conington
68764051,Simon Conington
1198829,Simon Conington
20259660,Simon Conington
55462894,Simon Conington
408927042,Simon Conington
29964295,Simon Conington
54290850,Simon Conington
34073043,Simon Conington
87813239,Simon Conington
353760114,Simon Conington
2200586,Simon Conington
8715446,Simon Conington
86387439,Simon Conington
47333077,Simon Conington
68763850,Simon Conington
27979478,Simon Conington
66631134,Simon Conington
43164291,Simon Conington
23986976,Simon Conington
33839473,Simon Conington
41214098,Simon Conington
134834069,Simon Conington
13625769,Simon Conington
189395265,Simon Conington
60021011,Simon Conington
3043633,Simon Conington
17871034,Simon Conington
352673657,Simon Conington
558552262,Simon Conington
211137147,Simon Conington
91647222,Simon Conington
1949925,Simon Conington
6626020,Simon Conington
8817150,Simon Conington
484534,Simon Conington
108710071,Simon Conington
322231184,Simon Conington
270528561,Simon Conington
13386629,Simon Conington
21543836,Simon Conington
205519802,Simon Conington
548218168,Simon Conington
233178969,Simon Conington
551840077,Simon Conington
30024818,Simon Conington
3162194,Simon Conington
3236918,Simon Conington
12533382,Simon Conington
42293262,Simon Conington
13686003,Simon Conington
94096397,Simon Conington
246176079,Simon Conington
51758460,Simon Conington
8006129,Simon Conington
57337579,Simon Conington
24562482,Simon Conington
534329216,Simon Conington
22646967,Simon Conington
6714893,Simon Conington
379823415,Simon Conington
32767720,Simon Conington
4053490,Simon Conington
40504284,Simon Conington
16508575,Simon Conington
5254087,Simon Conington
25341745,Simon Conington
10890121,Simon Conington
947831,Simon Conington
527169,Simon Conington
146988624,Simon Conington
37162605,Simon Conington
7557306,Simon Conington
17985011,Simon Conington
347787197,Simon Conington
114329287,Simon Conington
529760683,Simon Conington
220208520,Simon Conington
126574232,Simon Conington
99579969,Simon Conington
224152914,Simon Conington
146723395,Simon Conington
59993460,Simon Conington
1248775,Simon Conington
210686552,Simon Conington
3505576,Simon Conington
151825691,Simon Conington
1495310,Simon Conington
15772003,Simon Conington
11969904,Simon Conington
377651112,Simon Conington
515995949,Simon Conington
22532279,Simon Conington
61242779,Simon Conington
66863224,Simon Conington
507591634,Simon Conington
7426818,Simon Conington
25814774,Simon Conington
5475631,Simon Conington
6832666,Simon Conington
3947191,Simon Conington
3219501,Simon Conington
31886672,Simon Conington
36030677,Simon Conington
39327459,Simon Conington
293862315,Simon Conington
9335178,Simon Conington
11124271,Simon Conington
40797724,Simon Conington
382166790,Simon Conington
387704,Simon Conington
43814161,Simon Conington
43768402,Simon Conington
7773932,Simon Conington
1599981,Simon Conington
313757823,Simon Conington
53045078,Simon Conington
136626190,Simon Conington
2016670,Simon Conington
136146012,Simon Conington
231753732,Simon Conington
170739,Simon Conington
194555780,Simon Conington
9570149,Simon Conington
11633171,Simon Conington
456102931,Simon Conington
212995099,Simon Conington
92002445,Simon Conington
2523290,Simon Conington
36658962,Simon Conington
1875633,Simon Conington
1318574,Simon Conington
3857256,Simon Conington
3296146,Simon Conington
319652189,Simon Conington
7889421,Simon Conington
3778439,Simon Conington
146272840,Simon Conington
86151872,Simon Conington
20808227,Simon Conington
283399506,Simon Conington
674927,Simon Conington
264836470,Simon Conington
3228109,Simon Conington
180222947,Simon Conington
127522006,Simon Conington
144066972,Simon Conington
194413,Simon Conington
13325206,Simon Conington
62944870,Simon Conington
73913322,Simon Conington
16871877,Simon Conington
22428190,Simon Conington
5101671,Simon Conington
394302453,Simon Conington
38318165,Simon Conington
23266934,Simon Conington
8306967,Simon Conington
2235462,Simon Conington
460076012,Simon Conington
195364118,Simon Conington
114636220,Simon Conington
31782184,Simon Conington
473566715,Simon Conington
472523453,Simon Conington
472950326,Simon Conington
473186784,Simon Conington
61786880,Simon Conington
53621611,Simon Conington
54554759,Simon Conington
453583119,Simon Conington
12818776,Simon Conington
61451405,Simon Conington
305971,Simon Conington
3218602,Simon Conington
32599738,Simon Conington
115635906,Simon Conington
59743642,Simon Conington
10024145,Simon Conington
123001777,Simon Conington
356332113,Simon Conington
58853378,Simon Conington
93178708,Simon Conington
109821642,Simon Conington
20874709,Simon Conington
462052448,Simon Conington
408920275,Simon Conington
407239633,Simon Conington
27636728,Simon Conington
441467,Simon Conington
375753485,Simon Conington
121368166,Simon Conington
12374419,Simon Conington
24813877,Simon Conington
7449675,Simon Conington
81171550,Simon Conington
16944124,Simon Conington
13188158,Simon Conington
207039831,Simon Conington
17982936,Simon Conington
458466519,Simon Conington
753469,Simon Conington
301564334,Simon Conington
25673913,Simon Conington
34531332,Simon Conington
57328009,Simon Conington
33432476,Simon Conington
45508831,Simon Conington
30338735,Simon Conington
414627002,Simon Conington
73581297,Simon Conington
25520441,Simon Conington
78453882,Simon Conington
44844417,Simon Conington
3915668,Simon Conington
34841311,Simon Conington
7471526,Simon Conington
4332991,Simon Conington
23361672,Simon Conington
72208404,Simon Conington
268754566,Simon Conington
277470753,Simon Conington
396271908,Simon Conington
150973670,Simon Conington
448015581,Simon Conington
448014263,Simon Conington
448014982,Simon Conington
5499931,Simon Conington
7628688,Simon Conington
58531425,Simon Conington
160223884,Simon Conington
2633420,Simon Conington
35002508,Simon Conington
87686524,Simon Conington
15482392,Simon Conington
68867869,Simon Conington
49996604,Simon Conington
18698071,Simon Conington
2518573,Simon Conington
16117849,Simon Conington
38380162,Simon Conington
45848139,Simon Conington
8423825,Simon Conington
104963634,Simon Conington
222477214,Simon Conington
136088452,Simon Conington
202393538,Simon Conington
5112860,Simon Conington
53649236,Simon Conington
58542546,Simon Conington
65651648,Simon Conington
1303571,Simon Conington
132759645,Simon Conington
112450445,Simon Conington
39162109,Simon Conington
20939845,Simon Conington
2073706,Simon Conington
440034,Simon Conington
11144491,Simon Conington
6873117,Simon Conington
3832314,Simon Conington
70093468,Simon Conington
53042339,Simon Conington
45775436,Simon Conington
6073088,Simon Conington
249871113,Simon Conington
152875106,Simon Conington
35617608,Simon Conington
334004850,Simon Conington
1911812,Simon Conington
99006835,Simon Conington
78354497,Simon Conington
110948959,Simon Conington
228803214,Simon Conington
419105191,Simon Conington
17284771,Simon Conington
260110600,Simon Conington
6767603,Simon Conington
88253815,Simon Conington
396274486,Simon Conington
8329468,Simon Conington
230107749,Simon Conington
53048826,Simon Conington
430012093,Simon Conington
1301861,Simon Conington
169869085,Simon Conington
43062231,Simon Conington
15471337,Simon Conington
6583913,Simon Conington
38761699,Simon Conington
1294053,Simon Conington
34046318,Simon Conington
2453458,Simon Conington
2411887,Simon Conington
39328412,Simon Conington
91175401,Simon Conington
27661478,Simon Conington
28126066,Simon Conington
10673829,Simon Conington
57944598,Simon Conington
36230902,Simon Conington
68695448,Simon Conington
1534846,Simon Conington
68273922,Simon Conington
299276434,Simon Conington
2891316,Simon Conington
3915204,Simon Conington
687250,Simon Conington
363406888,Simon Conington
3193016,Simon Conington
137814385,Simon Conington
2060096,Simon Conington
21126420,Simon Conington
27725663,Simon Conington
1005289,Simon Conington
7793594,Simon Conington
1104142,Simon Conington
39672569,Simon Conington
12282521,Simon Conington
40368392,Simon Conington
8262501,Simon Conington
5054590,Simon Conington
24066380,Simon Conington
52344770,Simon Conington
18692951,Simon Conington
162380039,Simon Conington
420102481,Simon Conington
26412975,Simon Conington
168994513,Simon Conington
7438610,Simon Conington
367154144,Simon Conington
78585005,Simon Conington
146347549,Simon Conington
308661889,Simon Conington
16996762,Simon Conington
293736290,Simon Conington
3475652,Simon Conington
2827130,Simon Conington
5734945,Simon Conington
43713220,Simon Conington
21331090,Simon Conington
18176105,Simon Conington
1700895,Simon Conington
231129849,Simon Conington
74407906,Simon Conington
32266321,Simon Conington
397346655,Simon Conington
1065305,Simon Conington
6261449,Simon Conington
295916449,Simon Conington
82159318,Simon Conington
5673739,Simon Conington
171770386,Simon Conington
396742472,Simon Conington
396271935,Simon Conington
81148117,Simon Conington
23777398,Simon Conington
64925293,Simon Conington
75391161,Simon Conington
27327666,Simon Conington
5054965,Simon Conington
57815692,Simon Conington
6038890,Simon Conington
90861210,Simon Conington
221535251,Simon Conington
30433445,Simon Conington
6271699,Simon Conington
24346384,Simon Conington
90396911,Simon Conington
4737730,Simon Conington
3072327,Simon Conington
293528029,Simon Conington
117081272,Simon Conington
208125682,Simon Conington
76458656,Simon Conington
25513560,Simon Conington
208755462,Simon Conington
372250,Simon Conington
91947794,Simon Conington
18686578,Simon Conington
84546179,Simon Conington
160865840,Simon Conington
7737939,Simon Conington
6541317,Simon Conington
4248960,Simon Conington
33036726,Simon Conington
240398536,Simon Conington
1943970,Simon Conington
2895464,Simon Conington
15660528,Simon Conington
370288828,Simon Conington
295788513,Simon Conington
139821465,Simon Conington
28129937,Simon Conington
102147552,Simon Conington
370119715,Simon Conington
358248796,Simon Conington
3741296,Simon Conington
10038505,Simon Conington
98984855,Simon Conington
116480187,Simon Conington
58709799,Simon Conington
3870517,Simon Conington
219914796,Simon Conington
23286440,Simon Conington
5980259,Simon Conington
13267914,Simon Conington
8299317,Simon Conington
6189425,Simon Conington
21299252,Simon Conington
21004131,Simon Conington
6680122,Simon Conington
4843140,Simon Conington
1046077,Simon Conington
5827511,Simon Conington
366132913,Simon Conington
34046628,Simon Conington
1313741,Simon Conington
160330963,Simon Conington
2593650,Simon Conington
2059527,Simon Conington
363014231,Simon Conington
26980731,Simon Conington
57279714,Simon Conington
27039079,Simon Conington
229779092,Simon Conington
2082465,Simon Conington
134373088,Simon Conington
43916239,Simon Conington
35199318,Simon Conington
3857648,Simon Conington
143099198,Simon Conington
27458830,Simon Conington
6395618,Simon Conington
26618712,Simon Conington
234740644,Simon Conington
223480282,Simon Conington
14008161,Simon Conington
186056024,Simon Conington
4127100,Simon Conington
25036058,Simon Conington
36032196,Simon Conington
35312484,Simon Conington
10221533,Simon Conington
3024901,Simon Conington
75706438,Simon Conington
32253012,Simon Conington
30189951,Simon Conington
160952235,Simon Conington
354071950,Simon Conington
133870253,Simon Conington
15053877,Simon Conington
157038119,Simon Conington
17582649,Simon Conington
24688062,Simon Conington
47958102,Simon Conington
2926083,Simon Conington
50440594,Simon Conington
20830072,Simon Conington
285018964,Simon Conington
173789700,Simon Conington
29927386,Simon Conington
23603958,Simon Conington
24424848,Simon Conington
104946497,Simon Conington
8719839,Simon Conington
997121,Simon Conington
12539015,Simon Conington
61015484,Simon Conington
5111406,Simon Conington
78059632,Simon Conington
336402508,Simon Conington
34163592,Simon Conington
56629469,Simon Conington
124761144,Simon Conington
67501750,Simon Conington
36403235,Simon Conington
23836886,Simon Conington
83187482,Simon Conington
50907134,Simon Conington
25275472,Simon Conington
64973301,Simon Conington
34295821,Simon Conington
20218846,Simon Conington
33135460,Simon Conington
60864187,Simon Conington
160638678,Simon Conington
1304748,Simon Conington
71599981,Simon Conington
48382072,Simon Conington
7526880,Simon Conington
998016,Simon Conington
79684970,Simon Conington
39290583,Simon Conington
14562192,Simon Conington
84720931,Simon Conington
136243271,Simon Conington
22804643,Simon Conington
242835876,Simon Conington
18484785,Simon Conington
80278009,Simon Conington
2453601,Simon Conington
5414261,Simon Conington
11651363,Simon Conington
28346630,Simon Conington
293246492,Simon Conington
184342419,Simon Conington
58335916,Simon Conington
254194906,Simon Conington
256743121,Simon Conington
1176791,Simon Conington
154470,Simon Conington
241975723,Simon Conington
78582132,Simon Conington
231547911,Simon Conington
30551296,Simon Conington
90208,Simon Conington
1135969,Simon Conington
177031702,Simon Conington
63987467,Simon Conington
14863539,Simon Conington
2092497,Simon Conington
28245653,Simon Conington
194645439,Simon Conington
9481414,Simon Conington
3504432,Simon Conington
163949598,Simon Conington
39225738,Simon Conington
24406188,Simon Conington
120681179,Simon Conington
24382835,Simon Conington
264885580,Simon Conington
27208893,Simon Conington
10149357,Simon Conington
88090411,Simon Conington
158661238,Simon Conington
12686960,Simon Conington
114442356,Simon Conington
134449991,Simon Conington
83832882,Simon Conington
6183573,Simon Conington
158116739,Simon Conington
15100277,Simon Conington
1871883,Simon Conington
215873867,Simon Conington
68866527,Simon Conington
12676391,Simon Conington
21316271,Simon Conington
6060193,Simon Conington
75309516,Simon Conington
295297571,Simon Conington
5448294,Simon Conington
18571286,Simon Conington
225324510,Simon Conington
18482380,Simon Conington
51653870,Simon Conington
1503406,Simon Conington
40127498,Simon Conington
202438613,Simon Conington
288725855,Simon Conington
82140519,Simon Conington
276741968,Simon Conington
68723146,Simon Conington
110029293,Simon Conington
63043879,Simon Conington
14512807,Simon Conington
224337180,Simon Conington
150766215,Simon Conington
103829417,Simon Conington
151346348,Simon Conington
212145312,Simon Conington
30392397,Simon Conington
2756123,Simon Conington
25849148,Simon Conington
135287561,Simon Conington
193912096,Simon Conington
148212793,Simon Conington
40149013,Simon Conington
32373130,Simon Conington
21933510,Simon Conington
20706642,Simon Conington
24866723,Simon Conington
3039670,Simon Conington
157753308,Simon Conington
86181591,Simon Conington
44161635,Simon Conington
637498,Simon Conington
4057177,Simon Conington
29035437,Simon Conington
11965480,Simon Conington
106068468,Simon Conington
134597600,Simon Conington
29139245,Simon Conington
246076381,Simon Conington
44394331,Simon Conington
2131392,Simon Conington
5962237,Simon Conington
2655050,Simon Conington
63517011,Simon Conington
427182,Simon Conington
2005464,Simon Conington
209917470,Simon Conington
2709738,Simon Conington
101233316,Simon Conington
82332276,Simon Conington
3947335,Simon Conington
194513180,Simon Conington
14524167,Simon Conington
35126644,Simon Conington
127839117,Simon Conington
50334649,Simon Conington
206311375,Simon Conington
3490126,Simon Conington
4551626,Simon Conington
3431253,Simon Conington
119736648,Simon Conington
178745384,Simon Conington
6694417,Simon Conington
1611476,Simon Conington
6258411,Simon Conington
7955510,Simon Conington
125117644,Simon Conington
73033382,Simon Conington
3467012,Simon Conington
58505044,Simon Conington
71494866,Simon Conington
11233317,Simon Conington
2582671,Simon Conington
64977234,Simon Conington
37024050,Simon Conington
11907979,Simon Conington
19125249,Simon Conington
75499430,Simon Conington
6296065,Simon Conington
74901689,Simon Conington
28443185,Simon Conington
2080405,Simon Conington
147597668,Simon Conington
2834703,Simon Conington
11227045,Simon Conington
9545095,Simon Conington
202823047,Simon Conington
75728186,Simon Conington
71248582,Simon Conington
59586545,Simon Conington
1837087,Simon Conington
70225887,Simon Conington
188646939,Simon Conington
59723652,Simon Conington
10454154,Simon Conington
2237469,Simon Conington
148856086,Simon Conington
36395513,Simon Conington
140135851,Simon Conington
1678317,Simon Conington
8163568,Simon Conington
9895094,Simon Conington
116632403,Simon Conington
47592716,Simon Conington
138989383,Simon Conington
185499432,Simon Conington
17279245,Simon Conington
20553271,Simon Conington
8075214,Simon Conington
4254834,Simon Conington
181984894,Simon Conington
31088125,Simon Conington
87018985,Simon Conington
182022946,Simon Conington
7462502,Simon Conington
22459214,Simon Conington
42570387,Simon Conington
85962748,Simon Conington
64211076,Simon Conington
32349538,Simon Conington
12229351,Simon Conington
24540567,Simon Conington
9702512,Simon Conington
28363345,Simon Conington
4585984,Simon Conington
2181008,Simon Conington
15746562,Simon Conington
28875452,Simon Conington
39221369,Simon Conington
361914,Simon Conington
38358315,Simon Conington
12831101,Simon Conington
61500543,Simon Conington
49435548,Simon Conington
100266910,Simon Conington
24987699,Simon Conington
119775626,Simon Conington
22812638,Simon Conington
126120603,Simon Conington
31088806,Simon Conington
48922765,Simon Conington
21549127,Simon Conington
178792,Simon Conington
16682060,Simon Conington
16505575,Simon Conington
33929510,Simon Conington
30278094,Simon Conington
89230125,Simon Conington
94585439,Simon Conington
21753306,Simon Conington
3580004,Simon Conington
17076460,Simon Conington
8698934,Simon Conington
96114222,Simon Conington
128574045,Simon Conington
99614363,Simon Conington
112793314,Simon Conington
147617212,Simon Conington
24382975,Simon Conington
99204843,Simon Conington
106237234,Simon Conington
17276740,Simon Conington
89972630,Simon Conington
89020,Simon Conington
51083013,Simon Conington
22298289,Simon Conington
22539020,Simon Conington
31562301,Simon Conington
130230757,Simon Conington
47987973,Simon Conington
103794442,Simon Conington
1318589,Simon Conington
60666057,Simon Conington
21045804,Simon Conington
51959100,Simon Conington
10454024,Simon Conington
23751135,Simon Conington
5917340,Simon Conington
58149110,Simon Conington
64788343,Simon Conington
10418095,Simon Conington
10956925,Simon Conington
11256453,Simon Conington
12891646,Simon Conington
85866316,Simon Conington
71577108,Simon Conington
98036704,Simon Conington
10711460,Simon Conington
10239018,Simon Conington
2052234,Simon Conington
2391670,Simon Conington
2494701,Simon Conington
642691,Simon Conington
47572357,Simon Conington
11195918,Simon Conington
22978037,Simon Conington
4037891,Simon Conington
48556108,Simon Conington
28409791,Simon Conington
2217555,Simon Conington
9298199,Simon Conington
99369434,Simon Conington
133663,Simon Conington
6368872,Simon Conington
551553,Simon Conington
90412438,Simon Conington
105419378,Simon Conington
3775410,Simon Conington
14439668,Simon Conington
9511992,Simon Conington
31887972,Simon Conington
48892680,Simon Conington
50736329,Simon Conington
5759385,Simon Conington
62978727,Simon Conington
39863678,Simon Conington
4096167,Simon Conington
2498741,Simon Conington
46004338,Simon Conington
3711665,Simon Conington
25572215,Simon Conington
63533330,Simon Conington
3026636,Simon Conington
8190461,Simon Conington
3886432,Simon Conington
18080364,Simon Conington
56263017,Simon Conington
29510973,Simon Conington
8382504,Simon Conington
13672151,Simon Conington
44860234,Simon Conington
92167958,Simon Conington
69658670,Simon Conington
12879729,Simon Conington
4072030,Simon Conington
18745355,Simon Conington
15565914,Simon Conington
56399484,Simon Conington
66318939,Simon Conington
73887264,Simon Conington
5431490,Simon Conington
56157802,Simon Conington
5657183,Simon Conington
37011377,Simon Conington
38328084,Simon Conington
178896,Simon Conington
3894626,Simon Conington
16928706,Simon Conington
21034976,Simon Conington
36290693,Simon Conington
8307947,Simon Conington
36356087,Simon Conington
78927542,Simon Conington
1178522,Simon Conington
31039515,Simon Conington
8263294,Simon Conington
2677642,Simon Conington
57756225,Simon Conington
17647277,Simon Conington
17591046,Simon Conington
197746,Simon Conington
13856670,Simon Conington
47826837,Simon Conington
29359783,Simon Conington
57704281,Simon Conington
5436575,Simon Conington
51705913,Simon Conington
21487686,Simon Conington
44297684,Simon Conington
48520301,Simon Conington
115193,Simon Conington
671974,Simon Conington
34649884,Simon Conington
10241508,Simon Conington
12609853,Simon Conington
13640123,Simon Conington
33646261,Simon Conington
57321095,Simon Conington
31776812,Simon Conington
54924445,Simon Conington
56033590,Simon Conington
47980659,Simon Conington
18089645,Simon Conington
32609755,Simon Conington
11278129,Simon Conington
7392600,Simon Conington
2669486,Simon Conington
7081465,Simon Conington
26276692,Simon Conington
9705802,Simon Conington
25346714,Simon Conington
927030,Simon Conington
2147562,Simon Conington
3488748,Simon Conington
26260699,Simon Conington
41805866,Simon Conington
1460205,Simon Conington
5547,Simon Conington
4704440,Simon Conington
11446093,Simon Conington
4550784,Simon Conington
11382632,Simon Conington
2657354,Simon Conington
12781545,Simon Conington
8675535,Simon Conington
13912984,Simon Conington
6802452,Simon Conington
7211761,Simon Conington
2216626,Simon Conington
14691246,Simon Conington
12611251,Simon Conington
24401810,Simon Conington
31429704,Simon Conington
1164544,Simon Conington
9620991,Simon Conington
222402,Simon Conington
10031971,Simon Conington
18350477,Simon Conington
17306263,Simon Conington
29589839,Simon Conington
1123466,Simon Conington
5826067,Simon Conington
5270047,Simon Conington
2285916,Simon Conington
12340997,Simon Conington
4089015,Simon Conington
648183,Simon Conington
10078290,Simon Conington
12610627,Simon Conington
2594093,Simon Conington
12708275,Simon Conington
7651420,Simon Conington
794797,Simon Conington
3021836,Simon Conington
6561146,Simon Conington
248280,Simon Conington
2757677,Simon Conington
4738307,Simon Conington
774988,Simon Conington
685492,Simon Conington
2669225,Simon Conington
1935455,Simon Conington
1634443,Simon Conington
3687770,Simon Conington
2281348,Simon Conington
1044194,Simon Conington
